City_ID,City,Country,Date,Lat,Lng,Max Temp,Humidity,Cloudiness,Wind Speed
0,Kapaa,US,2021-10-17 18:54:46,22.0752,-159.319,77.18,85,100,3.0
1,Port Blair,IN,2021-10-17 18:57:06,11.6667,92.75,79.95,87,99,6.29
2,Bogalusa,US,2021-10-17 18:57:06,30.791,-89.8487,75.74,33,1,6.91
3,Hermanus,ZA,2021-10-17 18:57:07,-34.4187,19.2345,55.9,66,45,5.68
4,Faya,SA,2021-10-17 18:49:01,18.3851,42.4509,69.91,24,2,6.98
5,Husum,DE,2021-10-17 18:57:08,54.4858,9.0524,51.89,96,100,10.58
6,Nikolskoye,RU,2021-10-17 18:56:17,59.7035,30.7861,44.87,74,84,10.2
7,Vaini,TO,2021-10-17 18:57:09,-21.2,-175.2,73.56,94,75,8.05
8,Kaseda,JP,2021-10-17 18:53:54,31.4167,130.3167,62.67,63,100,7.07
9,Cape Town,ZA,2021-10-17 18:51:17,-33.9258,18.4232,59.09,67,20,1.99
10,Havre-Saint-Pierre,CA,2021-10-17 18:57:10,50.2334,-63.5986,55.99,100,90,21.85
11,Sistranda,NO,2021-10-17 18:57:11,63.7256,8.834,45.9,63,67,17.09
12,Kavaratti,IN,2021-10-17 18:53:44,10.5669,72.642,81.05,79,99,15.79
13,Mar Del Plata,AR,2021-10-17 18:52:34,-38.0023,-57.5575,66.22,43,0,1.01
14,Hope,US,2021-10-17 18:57:13,33.6671,-93.5916,73.08,26,6,3.83
15,Khani,GE,2021-10-17 18:57:14,41.9563,42.9566,53.17,96,100,2.17
16,Huarmey,PE,2021-10-17 18:48:12,-10.0681,-78.1522,69.15,75,55,11.12
17,Moose Factory,CA,2021-10-17 18:57:16,51.2585,-80.6094,44.6,76,90,12.66
18,Faanui,PF,2021-10-17 18:57:16,-16.4833,-151.75,80.2,77,0,19.1
19,Ilebo,CD,2021-10-17 18:57:17,-4.3167,20.5833,77.65,78,100,2.15
20,Port Alfred,ZA,2021-10-17 18:52:16,-33.5906,26.891,55.67,70,40,15.79
21,Bethel,US,2021-10-17 18:54:22,41.3712,-73.414,63.19,61,69,1.01
22,Longyearbyen,SJ,2021-10-17 18:57:19,78.2186,15.6401,17.44,62,20,3.44
23,Dingle,PH,2021-10-17 18:47:43,10.9995,122.6711,76.17,92,13,5.79
24,Jamestown,US,2021-10-17 18:54:08,42.097,-79.2353,54.3,86,90,5.01
25,Hohhot,CN,2021-10-17 18:48:31,40.8106,111.6522,35.89,69,0,4.47
26,Punta Arenas,CL,2021-10-17 18:49:23,-53.15,-70.9167,50.11,66,0,27.63
27,Butaritari,KI,2021-10-17 18:57:20,3.0707,172.7902,81.28,73,13,11.48
28,Mareeba,AU,2021-10-17 18:49:01,-17.0,145.4333,71.44,95,58,2.75
29,Zaranj,AF,2021-10-17 18:57:21,30.9667,61.8833,58.96,14,0,8.77
30,Rikitea,PF,2021-10-17 18:52:04,-23.1203,-134.9692,75.43,74,14,14.12
31,Ust-Tsilma,RU,2021-10-17 18:57:22,65.441,52.1498,37.49,92,100,8.63
32,Pingliang,CN,2021-10-17 18:57:22,35.5392,106.6861,42.6,85,0,3.65
33,Treinta Y Tres,UY,2021-10-17 18:57:23,-33.2333,-54.3833,65.12,47,0,2.91
34,Barrow,US,2021-10-17 18:55:16,71.2906,-156.7887,21.22,79,90,5.75
35,Asau,RO,2021-10-17 18:55:29,46.4333,26.4,44.96,87,93,2.71
36,San Angelo,US,2021-10-17 18:57:24,31.4638,-100.437,71.64,36,94,8.99
37,Vostok,RU,2021-10-17 18:57:25,46.4856,135.8833,15.75,74,9,5.32
38,Alvaraes,BR,2021-10-17 18:57:25,-3.2208,-64.8042,89.47,37,100,0.47
39,Okhotsk,RU,2021-10-17 18:57:26,59.3833,143.3,12.7,73,4,18.97
40,Iracoubo,GF,2021-10-17 18:57:26,5.4802,-53.2011,84.88,67,22,9.24
41,Busselton,AU,2021-10-17 18:54:04,-33.65,115.3333,50.04,77,41,7.45
42,Alice Springs,AU,2021-10-17 18:53:58,-23.7,133.8833,63.95,32,7,4.61
43,Albany,US,2021-10-17 18:50:34,42.6001,-73.9662,58.75,74,99,10.31
44,Mataura,NZ,2021-10-17 18:57:27,-46.1927,168.8643,48.43,99,100,3.87
45,Svetlogorsk,BY,2021-10-17 18:57:27,52.6333,29.7333,43.3,70,99,9.04
46,Korla,CN,2021-10-17 18:56:42,41.7597,86.1469,52.12,32,3,7.65
47,Meulaboh,ID,2021-10-17 18:57:28,4.1363,96.1285,75.94,85,100,2.86
48,Hilo,US,2021-10-17 18:57:29,19.7297,-155.09,77.29,90,90,3.44
49,College,US,2021-10-17 18:47:45,64.8569,-147.8028,27.9,81,75,3.44
50,Flinders,AU,2021-10-17 18:57:30,-34.5833,150.8552,56.05,84,80,1.01
51,Sorland,NO,2021-10-17 18:55:22,67.667,12.6934,42.66,66,100,24.67
52,Pafos,CY,2021-10-17 18:54:09,34.7667,32.4167,73.18,60,40,14.97
53,Avarua,CK,2021-10-17 18:51:42,-21.2078,-159.775,77.05,83,40,1.14
54,Ushuaia,AR,2021-10-17 18:57:31,-54.8,-68.3,42.46,75,75,5.75
55,Clyde River,CA,2021-10-17 18:52:48,70.4692,-68.5914,28.56,78,90,12.37
56,Tomatlan,MX,2021-10-17 18:57:31,19.9333,-105.25,90.1,59,2,4.7
57,Saldanha,ZA,2021-10-17 18:57:32,-33.0117,17.9442,57.25,78,0,15.84
58,Nabire,ID,2021-10-17 18:55:08,-3.3667,135.4833,74.64,85,99,3.65
59,Kodiak,US,2021-10-17 18:57:12,57.79,-152.4072,38.88,98,100,38.54
60,Constitucion,CL,2021-10-17 18:57:33,-35.3333,-72.4167,62.1,58,3,17.63
61,Natal,BR,2021-10-17 18:53:04,-5.795,-35.2094,86.65,62,40,21.85
62,Cidreira,BR,2021-10-17 18:57:34,-30.1811,-50.2056,64.11,62,18,6.2
63,Yerbogachen,RU,2021-10-17 18:55:37,61.2767,108.0108,26.71,86,100,9.37
64,Makakilo City,US,2021-10-17 18:53:02,21.3469,-158.0858,76.75,68,40,5.75
65,Safranbolu,TR,2021-10-17 18:57:36,41.2508,32.6942,53.65,91,94,1.57
66,Bluff,NZ,2021-10-17 18:54:05,-46.6,168.3333,50.94,89,100,15.26
67,Nalut,LY,2021-10-17 18:57:37,30.3333,10.85,71.44,17,100,11.45
68,Cascais,PT,2021-10-17 18:57:37,38.6979,-9.4215,70.97,83,20,1.01
69,Ancud,CL,2021-10-17 18:55:12,-41.8697,-73.8203,56.73,67,32,6.29
70,Victoria,HK,2021-10-17 18:53:04,22.2855,114.1577,72.25,79,100,1.99
71,Saint-Philippe,RE,2021-10-17 18:57:38,-21.3585,55.7679,72.95,79,45,15.17
72,Pevek,RU,2021-10-17 18:57:39,69.7008,170.3133,8.47,97,58,2.98
73,Mount Isa,AU,2021-10-17 18:51:47,-20.7333,139.5,67.77,34,6,4.61
74,Hit,IQ,2021-10-17 18:57:40,33.6416,42.8251,75.6,32,8,10.04
75,Mecca,SA,2021-10-17 18:57:40,21.4267,39.8261,87.71,33,5,3.98
76,Tahe,CN,2021-10-17 18:57:42,52.3333,124.7333,16.34,78,25,2.95
77,Thompson,CA,2021-10-17 18:56:16,55.7435,-97.8558,48.36,61,40,4.61
78,Aldan,RU,2021-10-17 18:57:42,58.6031,125.3894,10.67,96,100,2.95
79,Nanortalik,GL,2021-10-17 18:57:43,60.1432,-45.2371,36.14,86,93,5.55
80,Kaitangata,NZ,2021-10-17 18:47:59,-46.2817,169.8464,49.78,90,100,5.19
81,Sitka,US,2021-10-17 18:43:06,57.0531,-135.33,39.09,75,40,5.75
82,Awjilah,LY,2021-10-17 18:57:44,29.1081,21.2869,71.69,41,0,8.03
83,Mana,GF,2021-10-17 18:57:44,5.6592,-53.7767,85.21,67,69,8.9
84,Ponta Do Sol,PT,2021-10-17 18:52:08,32.6667,-17.1,74.03,78,98,3.76
85,Ostrovnoy,RU,2021-10-17 18:57:45,68.0531,39.5131,37.65,89,100,3.42
86,Kama,RU,2021-10-17 18:57:46,56.3051,54.0936,45.28,65,100,7.36
87,Hovd,MN,2021-10-17 18:57:46,48.0056,91.6419,33.62,48,0,1.63
88,Qaanaaq,GL,2021-10-17 18:54:38,77.484,-69.3632,24.39,86,100,9.62
89,Karratha,AU,2021-10-17 18:57:48,-20.7377,116.8463,69.96,65,6,11.79
90,Fort Nelson,CA,2021-10-17 18:54:37,58.8053,-122.7002,31.59,100,90,2.3
91,Chokurdakh,RU,2021-10-17 18:54:58,70.6333,147.9167,-7.55,100,100,2.73
92,Tukrah,LY,2021-10-17 18:57:49,32.5341,20.5791,69.21,63,55,3.29
93,Russell,US,2021-10-17 18:57:49,32.3502,-85.1999,69.4,40,0,8.5
94,Pangnirtung,CA,2021-10-17 18:48:16,66.1451,-65.7125,35.6,48,20,4.61
95,Cururupu,BR,2021-10-17 18:49:10,-1.8283,-44.8683,85.86,60,35,7.2
96,Hobart,AU,2021-10-17 18:53:13,-42.8794,147.3294,51.26,76,90,1.99
97,Castro,BR,2021-10-17 18:54:12,-24.7911,-50.0119,58.64,97,100,6.15
98,Yangjiang,CN,2021-10-17 18:57:51,21.85,111.9667,67.71,76,100,11.23
99,Cooma,AU,2021-10-17 18:57:51,-36.2333,149.1333,40.77,75,7,4.61
100,Kalabo,ZM,2021-10-17 18:57:52,-14.97,22.6814,79.59,30,22,5.44
101,Lake Jackson,US,2021-10-17 18:57:52,29.0339,-95.4344,75.09,46,99,1.99
102,Narsaq,GL,2021-10-17 18:56:21,60.9167,-46.05,33.75,48,31,3.76
103,Rawson,AR,2021-10-17 18:57:53,-43.3002,-65.1023,56.68,48,0,16.26
104,Dali,CN,2021-10-17 18:57:54,25.7,100.1833,53.62,93,39,2.39
105,Biltine,TD,2021-10-17 18:57:54,14.5333,20.9167,88.2,20,37,10.67
106,Saint-Pierre,RE,2021-10-17 18:57:55,-21.3393,55.4781,73.04,77,0,5.75
107,Torbay,CA,2021-10-17 18:57:39,47.6666,-52.7314,44.58,91,90,11.5
108,Hasaki,JP,2021-10-17 18:48:26,35.7333,140.8333,52.2,58,63,21.32
109,Tuktoyaktuk,CA,2021-10-17 18:57:56,69.4541,-133.0374,24.8,100,90,8.05
110,Atar,MR,2021-10-17 18:57:57,20.5169,-13.0499,92.5,9,100,6.62
111,Haines Junction,CA,2021-10-17 18:55:17,60.7522,-137.5108,13.95,79,22,2.3
112,Isangel,VU,2021-10-17 18:57:57,-19.55,169.2667,78.91,78,100,9.22
113,Carnarvon,AU,2021-10-17 18:55:44,-24.8667,113.6333,66.27,63,75,5.75
114,Upington,ZA,2021-10-17 18:57:58,-28.4478,21.2561,62.98,17,0,4.61
115,Caravelas,BR,2021-10-17 18:48:13,-17.7125,-39.2481,81.3,62,21,9.89
116,Esperance,AU,2021-10-17 18:55:36,-33.8667,121.9,53.44,90,1,3.02
117,Georgetown,MY,2021-10-17 18:55:08,5.4112,100.3354,78.89,88,20,1.99
118,Waipawa,NZ,2021-10-17 18:58:00,-41.4122,175.5153,57.83,74,2,21.92
119,Codrington,AU,2021-10-17 18:56:44,-38.2667,141.9667,43.54,92,61,5.91
120,Touros,BR,2021-10-17 18:58:01,-5.1989,-35.4608,85.1,66,14,17.22
121,Lata,PT,2021-10-17 18:58:02,40.1629,-8.3327,67.05,97,100,2.28
122,Tuatapere,NZ,2021-10-17 18:55:05,-46.1333,167.6833,50.07,95,100,7.49
123,Xining,CN,2021-10-17 18:53:54,36.6167,101.7667,43.59,74,39,1.72
124,Changji,CN,2021-10-17 18:58:03,44.0167,87.3167,47.19,49,0,8.95
125,Nizhniy Tsasuchey,RU,2021-10-17 18:58:04,50.5167,115.1333,19.99,84,11,5.64
126,Maarianhamina,AX,2021-10-17 18:58:04,60.0973,19.9348,44.46,57,75,9.22
127,Chardara,KZ,2021-10-17 18:58:05,41.2547,67.9692,59.76,28,99,6.78
128,Northam,GB,2021-10-17 18:58:06,51.0333,-4.2167,57.09,93,99,8.77
129,Boca Do Acre,BR,2021-10-17 18:58:07,-8.7522,-67.3978,80.73,69,100,3.38
130,Guerrero Negro,MX,2021-10-17 18:54:04,27.9769,-114.0611,77.59,39,99,4.63
131,Kushiro,JP,2021-10-17 18:58:07,42.975,144.3747,39.18,72,7,6.78
132,La Ronge,CA,2021-10-17 18:58:08,55.1001,-105.2842,57.42,47,75,9.22
133,Dikson,RU,2021-10-17 18:52:05,73.5069,80.5464,31.26,99,100,3.38
134,Paita,PE,2021-10-17 18:48:09,-5.0892,-81.1144,77.56,74,73,16.69
135,Margate,GB,2021-10-17 18:58:09,51.3813,1.3862,58.71,76,6,3.0
136,Husavik,IS,2021-10-17 18:48:10,66.0449,-17.3389,35.51,84,100,17.52
137,Aklavik,CA,2021-10-17 18:58:09,68.2191,-135.0107,20.23,93,75,4.61
138,Chuy,UY,2021-10-17 18:58:10,-33.6971,-53.4616,62.44,47,3,8.97
139,Huambo,AO,2021-10-17 18:58:10,-12.7761,15.7392,71.71,20,70,4.9
140,Renkum,NL,2021-10-17 18:58:11,51.9767,5.7333,54.0,81,90,3.44
141,Severo-Kurilsk,RU,2021-10-17 18:58:11,50.6789,156.125,39.4,75,34,39.95
142,Izumrud,RU,2021-10-17 18:58:12,57.0788,61.3993,32.0,69,36,6.58
143,Atuona,PF,2021-10-17 18:58:12,-9.8,-139.0333,78.21,76,99,18.95
144,Portland,US,2021-10-17 18:49:02,45.5234,-122.6762,60.58,82,90,1.01
145,Dersca,RO,2021-10-17 18:58:13,47.9833,26.2,48.49,73,8,2.89
146,Kailua,US,2021-10-17 18:58:14,21.4022,-157.7394,80.58,70,40,10.36
147,Lakhdenpokhya,RU,2021-10-17 18:58:14,61.5198,30.1992,39.81,68,23,13.98
148,Bredasdorp,ZA,2021-10-17 18:58:15,-34.5322,20.0403,53.28,69,16,2.06
149,Fountain,US,2021-10-17 18:58:16,38.6822,-104.7008,80.44,22,0,10.36
150,Port Hardy,CA,2021-10-17 18:53:52,50.6996,-127.4199,48.38,87,75,8.05
151,Tasiilaq,GL,2021-10-17 18:56:16,65.6145,-37.6368,15.82,55,47,6.26
152,Kulhudhuffushi,MV,2021-10-17 18:58:16,6.6221,73.07,80.92,79,100,22.62
153,San Patricio,US,2021-10-17 18:52:54,28.017,-97.5169,77.09,34,100,8.14
154,Buala,SB,2021-10-17 18:58:17,-8.145,159.5921,79.45,78,58,4.09
155,Hingatungan,PH,2021-10-17 18:58:17,10.584,125.1852,81.63,83,26,7.54
156,Mahebourg,MU,2021-10-17 18:55:21,-20.4081,57.7,74.25,73,75,14.97
157,Orbetello,IT,2021-10-17 18:58:18,42.4408,11.2196,60.8,65,0,3.11
158,Puerto Ayora,EC,2021-10-17 18:52:14,-0.7393,-90.3518,78.76,88,96,11.01
159,Lebu,CL,2021-10-17 18:55:29,-37.6167,-73.65,55.54,72,0,18.86
160,Hithadhoo,MV,2021-10-17 18:58:19,-0.6,73.0833,81.72,79,95,12.35
161,Beterou,BJ,2021-10-17 18:58:20,9.1992,2.2586,81.46,66,96,3.0
162,Saint George,US,2021-10-17 18:58:21,37.1041,-113.5841,79.27,26,100,1.99
163,Pitimbu,BR,2021-10-17 18:58:21,-7.4706,-34.8086,84.79,69,100,13.33
164,Necochea,AR,2021-10-17 18:58:22,-38.5473,-58.7368,60.04,59,89,10.33
165,High Rock,BS,2021-10-17 18:55:45,26.6208,-78.2833,84.22,68,3,11.18
166,Lucapa,AO,2021-10-17 18:58:23,-8.4192,20.7447,72.81,72,48,3.24
167,Araouane,ML,2021-10-17 18:58:24,18.9048,-3.5265,90.03,9,4,8.72
168,Cabo San Lucas,MX,2021-10-17 18:55:15,22.8909,-109.9124,91.62,65,3,7.58
169,Gladstone,AU,2021-10-17 18:58:25,-23.85,151.25,73.33,78,40,5.75
170,Sambava,MG,2021-10-17 18:58:25,-14.2667,50.1667,72.3,84,2,9.75
171,Beringovskiy,RU,2021-10-17 18:58:26,63.05,179.3167,27.79,79,100,7.47
172,San Quintin,MX,2021-10-17 18:58:26,30.4833,-115.95,73.24,47,100,10.0
173,San Vicente,AR,2021-10-17 18:58:27,-26.6167,-54.1333,71.22,65,29,4.81
174,Khatanga,RU,2021-10-17 18:54:10,71.9667,102.5,32.74,98,100,13.06
175,Hamilton,US,2021-10-17 18:56:50,39.1834,-84.5333,68.07,42,1,4.0
176,Outjo,NA,2021-10-17 18:58:28,-20.1167,16.15,72.05,12,0,12.17
177,Provideniya,RU,2021-10-17 18:55:02,64.3833,-173.3,20.97,81,100,12.64
178,Acari,PE,2021-10-17 18:58:28,-15.4311,-74.6158,74.01,61,78,10.33
179,Rongcheng,CN,2021-10-17 18:58:29,30.634,117.8517,52.3,76,100,1.23
180,Baiyin,CN,2021-10-17 18:58:30,36.5583,104.2081,38.28,71,0,4.43
181,Atambua,ID,2021-10-17 18:58:30,-9.1061,124.8925,75.33,86,41,1.97
182,Salihorsk,BY,2021-10-17 18:58:30,52.7876,27.5415,41.83,73,100,8.08
183,New Norfolk,AU,2021-10-17 18:52:07,-42.7826,147.0587,50.92,67,100,1.99
184,Sao Paulo De Olivenca,BR,2021-10-17 18:58:31,-3.3783,-68.8725,90.79,52,67,1.79
185,Cayenne,GF,2021-10-17 18:58:31,4.9333,-52.3333,89.64,80,40,5.01
186,Columbus,US,2021-10-17 18:55:27,39.9612,-82.9988,65.98,36,40,4.0
187,Gonbad-E Qabus,IR,2021-10-17 18:58:33,37.25,55.1672,65.35,39,0,2.48
188,Hirara,JP,2021-10-17 18:58:34,24.8,125.2833,76.01,65,91,20.24
189,Coquimbo,CL,2021-10-17 18:58:34,-29.9533,-71.3436,62.33,63,0,14.97
190,Nizhniy Ingash,RU,2021-10-17 18:58:35,56.2,96.53,29.35,93,10,3.22
191,Yellowknife,CA,2021-10-17 18:58:35,62.456,-114.3525,35.42,99,75,6.91
192,Viedma,AR,2021-10-17 18:49:04,-40.8135,-62.9967,66.56,22,3,16.13
193,Nome,US,2021-10-17 18:58:36,64.5011,-165.4064,25.16,68,1,11.5
194,Tiksi,RU,2021-10-17 18:58:37,71.6872,128.8694,10.06,89,100,8.37
195,Olafsvik,IS,2021-10-17 18:54:25,64.8945,-23.7142,35.58,93,100,20.09
196,Takoradi,GH,2021-10-17 18:58:38,4.8845,-1.7554,79.38,84,14,10.33
197,Upernavik,GL,2021-10-17 18:58:38,72.7868,-56.1549,23.5,55,100,5.37
198,Doha,QA,2021-10-17 18:55:52,25.2867,51.5333,85.89,75,0,2.3
199,Ahuimanu,US,2021-10-17 18:58:39,21.4447,-157.8378,80.31,67,40,10.36
200,Manaure,CO,2021-10-17 18:58:39,11.7751,-72.4445,85.32,68,100,9.89
201,Kenai,US,2021-10-17 18:58:40,60.5544,-151.2583,37.15,81,75,16.11
202,Gimli,CA,2021-10-17 18:58:40,50.6336,-96.9907,65.43,71,0,12.66
203,Balad,IQ,2021-10-17 18:58:41,34.0164,44.1453,77.36,29,15,10.29
204,Ambunti,PG,2021-10-17 18:58:41,-4.2365,142.8448,72.73,99,97,1.45
205,Constantine,DZ,2021-10-17 18:53:54,36.365,6.6147,62.01,51,40,4.61
206,Ribeira Grande,PT,2021-10-17 18:53:22,38.5167,-28.7,72.0,88,75,20.71
207,Marawi,PH,2021-10-17 18:54:09,7.9986,124.2928,66.65,94,25,1.95
208,Amahai,ID,2021-10-17 18:58:42,-3.3333,128.9167,78.84,86,49,2.13
209,Nagar Karnul,IN,2021-10-17 18:58:43,16.4821,78.3247,73.18,91,100,6.24
210,Komsomolskiy,UZ,2021-10-17 18:54:35,40.4272,71.7189,54.32,54,100,6.91
211,Giraltovce,SK,2021-10-17 18:58:44,49.114,21.5173,41.31,70,85,0.51
212,Miramar,US,2021-10-17 18:58:45,25.9873,-80.2323,91.0,66,1,3.0
213,Bambous Virieux,MU,2021-10-17 18:52:53,-20.3428,57.7575,74.21,73,75,14.97
214,Roma,US,2021-10-17 18:54:55,43.2128,-75.4557,55.38,87,90,1.01
215,Ambilobe,MG,2021-10-17 18:56:39,-13.2,49.05,75.56,61,0,8.93
216,Naze,JP,2021-10-17 18:52:05,28.3667,129.4833,70.21,66,100,14.0
217,Kavieng,PG,2021-10-17 18:54:15,-2.5744,150.7967,82.42,71,10,10.18
218,Bokoro,TD,2021-10-17 18:58:47,12.3807,17.0568,89.6,40,11,5.28
219,Sokolo,ML,2021-10-17 18:58:48,14.7328,-6.1219,93.38,10,81,8.55
220,Lorengau,PG,2021-10-17 18:58:48,-2.0226,147.2712,81.95,72,84,5.5
221,Alofi,NU,2021-10-17 18:58:49,-19.0595,-169.9187,77.59,77,22,17.72
222,East London,ZA,2021-10-17 18:53:31,-33.0153,27.9116,56.34,67,0,14.97
223,Port Elizabeth,ZA,2021-10-17 18:52:31,-33.918,25.5701,56.1,87,75,10.36
224,Martapura,ID,2021-10-17 18:58:50,-3.4167,114.85,75.29,100,90,3.44
225,Nuuk,GL,2021-10-17 18:58:50,64.1835,-51.7216,34.88,59,0,10.0
226,Cherskiy,RU,2021-10-17 18:54:50,68.75,161.3,-11.16,100,100,4.25
227,Ayan,RU,2021-10-17 18:58:51,56.45,138.1667,23.54,54,11,15.32
228,Bireun,ID,2021-10-17 18:58:52,5.203,96.7009,79.03,78,100,4.25
229,Klaksvik,FO,2021-10-17 18:58:10,62.2266,-6.589,45.52,75,99,22.7
230,Severodvinsk,RU,2021-10-17 18:58:53,64.5635,39.8302,37.51,97,100,11.23
231,Graciano Sanchez,MX,2021-10-17 18:58:53,23.9167,-99.2833,74.08,53,36,7.2
232,Hojai,IN,2021-10-17 18:58:54,26.0,92.8667,77.99,83,100,2.39
233,Anbu,CN,2021-10-17 18:58:54,23.449,116.6809,69.73,83,75,6.71
234,Shache,CN,2021-10-17 18:58:55,38.4167,77.2406,54.18,17,100,4.27
235,Baykit,RU,2021-10-17 18:58:55,61.67,96.37,36.25,93,100,3.49
236,Uyuni,BO,2021-10-17 18:58:56,-20.4597,-66.825,64.15,3,17,24.85
237,Saskylakh,RU,2021-10-17 18:54:17,71.9167,114.0833,14.97,87,100,10.87
238,Sao Gabriel Da Cachoeira,BR,2021-10-17 18:58:57,-0.1303,-67.0892,87.6,66,40,3.44
239,Gigmoto,PH,2021-10-17 18:58:57,13.7796,124.39,79.5,85,95,4.36
240,Lompoc,US,2021-10-17 18:56:08,34.6391,-120.4579,79.09,69,40,15.99
241,Kruisfontein,ZA,2021-10-17 18:55:24,-34.0033,24.7314,53.89,72,88,10.49
242,Ilulissat,GL,2021-10-17 18:54:16,69.2167,-51.1,16.72,48,0,25.61
243,Nosy Varika,MG,2021-10-17 18:55:46,-20.5833,48.5333,71.51,82,0,9.91
244,Sao Filipe,CV,2021-10-17 18:53:12,14.8961,-24.4956,79.23,75,1,11.52
245,Itatskiy,RU,2021-10-17 18:58:58,56.07,89.0369,33.42,82,65,4.59
246,Arraial Do Cabo,BR,2021-10-17 18:52:21,-22.9661,-42.0278,71.56,94,75,11.5
247,Bathsheba,BB,2021-10-17 18:56:59,13.2167,-59.5167,88.41,70,20,11.5
248,Souillac,MU,2021-10-17 18:58:59,-20.5167,57.5167,74.35,73,75,14.97
249,Pacific Grove,US,2021-10-17 18:55:39,36.6177,-121.9166,74.01,83,49,3.0
250,Lagoa,PT,2021-10-17 18:54:02,39.05,-27.9833,69.96,83,56,18.14
251,Buraydah,SA,2021-10-17 18:54:47,26.326,43.975,86.45,21,0,12.59
252,Gafanha Da Encarnacao,PT,2021-10-17 18:59:00,40.6181,-8.733,68.11,98,100,6.35
253,Lakes Entrance,AU,2021-10-17 18:53:30,-37.8811,147.981,45.16,87,100,6.78
254,Iqaluit,CA,2021-10-17 18:55:08,63.7506,-68.5145,33.53,74,75,4.0
255,Irtyshskiy,RU,2021-10-17 18:59:01,58.3333,68.1333,38.62,78,16,8.08
256,Srednekolymsk,RU,2021-10-17 18:55:33,67.45,153.6833,3.02,98,96,1.41
257,Byron Bay,AU,2021-10-17 18:54:42,-28.65,153.6167,60.87,70,100,5.46
258,Belyy,RU,2021-10-17 18:59:02,55.8402,32.9419,40.46,88,50,9.08
259,Belaya Gora,RU,2021-10-17 18:56:49,68.5333,146.4167,-1.37,99,80,2.89
260,Watsa,CD,2021-10-17 18:59:03,3.0372,29.5355,65.93,96,97,2.28
261,Aljezur,PT,2021-10-17 18:59:04,37.3191,-8.8033,66.83,90,100,6.29
262,Pradera,CO,2021-10-17 18:59:04,3.4211,-76.2447,77.68,88,82,2.1
263,Geraldton,AU,2021-10-17 18:59:05,-28.7667,114.6,50.41,81,0,10.36
264,Tahta,EG,2021-10-17 18:59:05,26.7693,31.5021,84.52,25,80,9.82
265,Khromtau,KZ,2021-10-17 18:59:06,50.2503,58.4347,49.6,40,100,8.57
266,Gold Coast,AU,2021-10-17 18:59:06,-28.0,153.4333,64.29,89,75,0.0
267,Koping,SE,2021-10-17 18:59:07,59.514,15.9926,42.89,62,0,7.63
268,Slonim,BY,2021-10-17 18:59:07,53.0867,25.3219,42.37,73,100,8.16
269,Manjacaze,MZ,2021-10-17 18:59:07,-24.7117,33.8828,69.01,91,100,14.67
270,Riohacha,CO,2021-10-17 18:59:08,11.5444,-72.9072,85.59,68,100,7.94
271,Araioses,BR,2021-10-17 18:59:08,-2.89,-41.9031,89.58,70,20,19.57
272,Saint Anthony,US,2021-10-17 18:54:36,45.0205,-93.218,69.15,39,0,1.01
273,Brae,GB,2021-10-17 18:55:11,60.3964,-1.353,48.11,75,56,11.86
274,Pemangkat,ID,2021-10-17 18:59:09,1.1667,108.9667,79.39,83,100,5.48
275,Porbandar,IN,2021-10-17 18:59:10,21.6422,69.6093,80.28,71,33,13.22
276,Mackay,AU,2021-10-17 18:59:10,-21.15,149.2,77.68,94,6,9.22
277,Krasnoye,UA,2021-10-17 18:59:11,49.9145,24.6134,34.95,72,97,1.14
278,Beinamar,TD,2021-10-17 18:59:12,8.6698,15.3813,75.27,88,99,3.33
279,Ratnagiri,IN,2021-10-17 18:59:12,16.9833,73.3,79.41,82,4,3.15
280,Ekhabi,RU,2021-10-17 18:59:12,53.5102,142.9671,30.33,88,100,25.17
281,Port Hedland,AU,2021-10-17 18:59:13,-20.3167,118.5667,69.85,88,54,8.05
282,Grootfontein,NA,2021-10-17 18:55:17,-19.5667,18.1167,65.77,24,14,2.3
283,Cuenca,EC,2021-10-17 18:59:13,-2.8833,-78.9833,73.53,40,75,6.91
284,Pangai,TO,2021-10-17 18:54:59,-19.8,-174.35,77.11,73,40,18.41
285,Aswan,EG,2021-10-17 18:59:14,24.0934,32.907,90.7,13,0,10.36
286,Marrakesh,MA,2021-10-17 18:59:15,31.6315,-8.0083,86.07,21,0,2.3
287,Te Anau,NZ,2021-10-17 18:52:26,-45.4167,167.7167,47.5,97,100,1.45
288,Varhaug,NO,2021-10-17 18:59:15,58.6147,5.6457,45.48,64,81,9.82
289,Goderich,CA,2021-10-17 18:59:16,43.7501,-81.7165,58.91,58,22,16.11
290,Osa,RU,2021-10-17 18:59:16,57.2829,55.4567,44.64,69,100,8.41
291,Mackenzie,CA,2021-10-17 18:59:17,55.2999,-123.1698,35.82,80,75,8.05
292,Novopokrovka,UA,2021-10-17 18:59:17,49.8425,36.5477,46.78,75,11,6.46
293,Cozumel,MX,2021-10-17 18:59:18,20.5083,-86.9458,87.78,84,89,4.0
294,Riyadh,SA,2021-10-17 18:57:52,24.6877,46.7219,86.14,17,0,9.93
295,Praia,CV,2021-10-17 18:58:20,14.9215,-23.5087,88.34,40,20,9.22
296,Kartuzy,PL,2021-10-17 18:59:20,54.3342,18.1974,47.39,76,75,16.11
297,Leningradskiy,RU,2021-10-17 18:55:23,69.3833,178.4167,9.01,96,100,5.23
298,Sisimiut,GL,2021-10-17 18:59:21,66.9395,-53.6735,30.16,45,4,13.51
299,Vilyuysk,RU,2021-10-17 18:59:21,63.7553,121.6247,14.32,93,89,4.72
300,Airai,TL,2021-10-17 18:59:22,-8.9266,125.4092,61.66,90,7,1.25
301,Alpena,US,2021-10-17 18:59:22,45.0617,-83.4327,59.94,63,6,5.99
302,Aleksandrovsk-Sakhalinskiy,RU,2021-10-17 18:59:23,50.8975,142.1561,31.23,81,100,22.3
303,Akdepe,TM,2021-10-17 18:59:23,42.0551,59.3788,46.49,29,0,10.0
304,Solnechnyy,RU,2021-10-17 18:59:24,50.7214,136.6319,18.12,73,100,2.53
305,Kununurra,AU,2021-10-17 18:59:24,-15.7667,128.7333,78.78,73,100,4.61
306,Buchanan,LR,2021-10-17 18:59:25,5.8808,-10.0467,80.56,81,23,7.78
307,Marsa Matruh,EG,2021-10-17 18:59:25,31.3525,27.2453,71.8,64,20,6.91
308,Minsk,BY,2021-10-17 18:59:26,53.9,27.5667,46.15,80,66,11.83
309,Antonina,BR,2021-10-17 18:59:26,-25.4286,-48.7119,71.73,99,100,2.57
310,Yurgamysh,RU,2021-10-17 18:59:27,55.3714,64.4656,40.14,64,14,6.62
311,San Andres,CO,2021-10-17 18:55:37,12.5847,-81.7006,86.02,74,40,9.22
312,Leshukonskoye,RU,2021-10-17 18:56:51,64.8989,45.7622,36.84,96,100,10.47
313,Coihaique,CL,2021-10-17 18:54:03,-45.5752,-72.0662,57.15,47,20,9.22
314,Harper,LR,2021-10-17 18:53:41,4.375,-7.7169,78.73,83,15,5.23
315,Lavrentiya,RU,2021-10-17 18:55:48,65.5833,-171.0,24.69,77,45,14.32
316,North Bend,US,2021-10-17 18:59:28,43.4065,-124.2243,55.17,100,90,8.05
317,Fare,PF,2021-10-17 18:59:29,-16.7,-151.0167,79.95,78,10,19.1
318,Ranau,MY,2021-10-17 18:59:29,5.9538,116.6641,70.45,96,12,0.76
319,Henties Bay,NA,2021-10-17 18:59:30,-22.116,14.2845,57.85,81,85,5.26
320,Taoudenni,ML,2021-10-17 18:55:50,22.6783,-3.9836,91.87,12,100,11.52
321,Amapa,BR,2021-10-17 18:59:30,1.0,-52.0,96.75,31,97,5.44
322,Kuryk,KZ,2021-10-17 18:59:31,43.2,51.65,61.86,27,14,17.87
323,Tiznit,MA,2021-10-17 18:59:32,29.5833,-9.5,74.48,24,0,0.43
324,Sladkovo,RU,2021-10-17 18:59:32,55.5284,70.3385,41.23,70,14,6.46
325,Camopi,GF,2021-10-17 18:59:33,3.1655,-52.3158,81.07,74,100,2.28
326,Manadhoo,MV,2021-10-17 18:59:33,5.7667,73.3833,80.44,83,100,26.91
327,Aras,ES,2021-10-17 18:59:34,42.5617,-2.356,59.32,82,75,2.3
328,Busayra,JO,2021-10-17 18:59:34,30.7376,35.6078,61.05,65,100,4.68
329,Aksu,CN,2021-10-17 18:59:35,41.1231,80.2644,52.47,23,100,4.03
330,Ahipara,NZ,2021-10-17 18:54:08,-35.1667,173.1667,60.51,96,27,5.46
331,Mahanoro,MG,2021-10-17 18:59:35,-19.9,48.8,70.39,83,0,7.47
332,Yulara,AU,2021-10-17 18:59:36,-25.2406,130.9889,69.64,26,6,6.91
333,Itoman,JP,2021-10-17 18:56:16,26.1247,127.6694,73.42,68,75,14.97
334,Teknaf,BD,2021-10-17 18:59:36,20.8624,92.3058,76.68,95,100,14.92
335,Motegi,JP,2021-10-17 18:59:37,36.5167,140.1833,49.06,76,11,2.77
336,Qianan,CN,2021-10-17 18:59:37,44.9932,124.0581,38.93,42,100,7.27
337,Fortuna,US,2021-10-17 18:56:58,40.5982,-124.1573,63.19,65,75,5.01
338,Borzya,RU,2021-10-17 18:59:38,50.3833,116.5167,18.0,91,5,1.79
339,Krasnogorsk,RU,2021-10-17 18:59:39,55.8225,37.3181,45.05,87,75,8.95
340,Vila Franca Do Campo,PT,2021-10-17 18:55:58,37.7167,-25.4333,72.01,92,100,11.45
341,Ajdabiya,LY,2021-10-17 18:59:39,30.7554,20.2263,69.53,57,6,6.78
342,Mango,US,2021-10-17 18:59:40,27.9797,-82.3065,86.32,59,1,0.0
343,Piney Green,US,2021-10-17 18:59:40,34.716,-77.3202,71.04,41,0,11.72
344,Steinheim,DE,2021-10-17 18:59:41,51.8707,9.0914,50.94,85,100,2.51
345,Pandan,PH,2021-10-17 18:55:19,14.0453,124.1694,78.82,87,23,7.11
346,Aykhal,RU,2021-10-17 18:54:28,66.0,111.5,28.9,96,100,21.25
347,Surat Thani,TH,2021-10-17 18:59:42,9.1667,99.25,77.2,87,100,4.5
348,Bekhtery,UA,2021-10-17 18:59:42,46.251,32.2927,55.49,66,100,8.5
349,Aripuana,BR,2021-10-17 18:59:43,-9.1667,-60.6333,89.4,53,90,3.0
350,Charters Towers,AU,2021-10-17 18:59:43,-20.1,146.2667,69.37,94,19,7.25
351,Opelousas,US,2021-10-17 18:59:09,30.5335,-92.0815,72.9,39,30,9.17
352,Paris,FR,2021-10-17 18:59:45,48.8534,2.3488,55.18,72,0,5.75
353,Roald,NO,2021-10-17 18:59:45,62.5833,6.1333,41.9,87,40,9.22
354,Kautokeino,NO,2021-10-17 18:59:46,69.0125,23.0412,33.94,83,100,20.42
355,Vanavara,RU,2021-10-17 18:59:46,60.34,102.2797,27.68,92,94,5.57
356,Santiago,CL,2021-10-17 18:58:04,-33.4569,-70.6483,76.15,26,0,5.75
357,Samarai,PG,2021-10-17 18:59:47,-10.6167,150.6667,81.99,80,100,10.87
358,Khorramabad,IR,2021-10-17 18:59:48,33.4878,48.3558,68.09,16,81,3.6
359,Lively,CA,2021-10-17 18:59:48,46.4334,-81.1498,54.41,63,100,5.88
360,Arman,RU,2021-10-17 18:59:49,59.7,150.1667,16.93,51,100,15.59
361,Batman,TR,2021-10-17 18:59:49,37.8874,41.1322,62.4,51,40,1.14
362,Beloha,MG,2021-10-17 18:54:35,-25.1667,45.05,71.83,88,0,4.14
363,Flagstaff,US,2021-10-17 18:59:50,35.1981,-111.6513,66.52,35,100,7.0
364,Canutama,BR,2021-10-17 18:59:51,-6.5339,-64.3831,81.61,82,100,1.7
365,Port Lincoln,AU,2021-10-17 18:53:14,-34.7333,135.8667,56.1,87,73,7.81
366,Chapais,CA,2021-10-17 18:59:51,49.7834,-74.8492,42.58,85,99,8.52
367,Kapit,MY,2021-10-17 18:59:52,2.0167,112.9333,73.71,99,97,1.16
368,Varca,IN,2021-10-17 18:59:52,15.2167,73.9167,82.4,89,75,2.3
369,Vestmannaeyjar,IS,2021-10-17 18:59:53,63.4427,-20.2734,40.19,81,90,48.34
370,Mahajanga,MG,2021-10-17 18:59:53,-15.7167,46.3167,75.22,78,20,4.61
371,Acapulco,MX,2021-10-17 18:57:55,16.8634,-99.8901,85.93,68,20,6.29
372,Luderitz,NA,2021-10-17 18:55:46,-26.6481,15.1594,61.16,53,4,27.49
373,Oranjemund,NA,2021-10-17 18:58:17,-28.55,16.4333,57.06,75,0,23.26
374,Batemans Bay,AU,2021-10-17 18:59:54,-35.7167,150.1833,50.09,88,3,4.92
375,Rocha,UY,2021-10-17 18:59:55,-34.4833,-54.3333,63.37,54,6,8.32
376,Viransehir,TR,2021-10-17 18:59:55,37.2353,39.7631,67.46,50,5,12.88
377,Elko,US,2021-10-17 18:59:56,41.0002,-115.5012,63.23,26,100,7.0
378,Polson,US,2021-10-17 18:59:57,47.6936,-114.1632,66.78,47,97,2.33
379,Almaznyy,RU,2021-10-17 18:59:58,48.0448,40.045,50.14,67,35,7.07
380,Korsakov,RU,2021-10-17 18:59:59,46.6328,142.7813,31.84,66,75,14.79
381,Matagami,CA,2021-10-17 18:59:59,49.7502,-77.6328,42.91,87,90,8.05
382,Beasain,ES,2021-10-17 18:59:59,43.0502,-2.2009,66.34,83,73,5.44
383,Hofn,IS,2021-10-17 19:00:00,64.2539,-15.2082,35.67,97,100,20.4
384,Cairns,AU,2021-10-17 19:00:01,-16.9167,145.7667,76.06,93,40,1.14
385,Malinovoye Ozero,RU,2021-10-17 19:00:02,51.6753,79.7825,38.25,65,0,3.89
386,Zhanaozen,KZ,2021-10-17 19:00:03,43.3,52.8,56.07,24,0,14.74
387,Aquidauana,BR,2021-10-17 19:00:04,-20.4711,-55.7872,90.36,39,100,4.07
388,San Cristobal,VE,2021-10-17 18:55:15,7.7669,-72.225,82.58,67,98,5.14
389,Basco,PH,2021-10-17 19:00:05,20.4487,121.9702,80.28,76,100,30.58
390,Sobolevo,RU,2021-10-17 19:00:06,54.4299,31.8996,41.58,81,99,11.54
391,Ewa Beach,US,2021-10-17 18:59:37,21.3156,-158.0072,80.55,64,40,11.99
392,Barra Patuca,HN,2021-10-17 19:00:08,15.8,-84.2833,84.97,68,97,8.32
393,Toamasina,MG,2021-10-17 19:00:09,-18.1667,49.3833,70.56,78,1,0.74
394,Waingapu,ID,2021-10-17 19:00:10,-9.6567,120.2641,80.58,84,41,6.13
395,Tura,IN,2021-10-17 19:00:10,25.5198,90.2201,73.81,83,100,2.77
396,Prince Rupert,CA,2021-10-17 18:52:23,54.3161,-130.3201,44.29,88,75,4.61
397,Hattiesburg,US,2021-10-17 19:00:12,31.3271,-89.2903,71.92,47,12,7.99
398,Shingu,JP,2021-10-17 18:56:17,33.7333,135.9833,52.68,79,25,5.77
399,Ugoofaaru,MV,2021-10-17 19:00:13,5.6667,73.0,80.6,82,100,25.81
400,Kudahuvadhoo,MV,2021-10-17 19:00:14,2.6708,72.8944,82.98,73,46,17.2
401,Santo Angelo,BR,2021-10-17 18:56:47,-28.2992,-54.2631,75.52,50,20,11.5
402,Lusambo,CD,2021-10-17 19:00:15,-4.9667,23.45,75.42,77,81,2.71
403,Gweta,BW,2021-10-17 19:00:16,-20.1833,25.2333,82.47,10,0,17.02
404,Rio Gallegos,AR,2021-10-17 18:58:39,-51.6226,-69.2181,66.25,24,0,2.3
405,Lander,US,2021-10-17 19:00:17,42.833,-108.7307,60.06,46,0,0.78
406,Hondo,JP,2021-10-17 19:00:18,32.45,130.2,59.95,58,100,16.08
407,Poykovskiy,RU,2021-10-17 18:57:07,61.2333,73.3333,43.09,87,0,8.95
408,Damaturu,NG,2021-10-17 19:00:19,11.747,11.9608,87.26,47,52,0.83
409,Knysna,ZA,2021-10-17 19:00:20,-34.0363,23.0471,53.26,77,56,4.61
410,Lokosovo,RU,2021-10-17 19:00:20,61.1333,74.8167,39.99,91,100,9.8
411,Ravar,IR,2021-10-17 19:00:21,31.2656,56.8055,68.34,21,0,4.03
412,Clarence Town,AU,2021-10-17 19:00:22,-32.5833,151.7833,55.56,79,100,2.1
413,Kitob,UZ,2021-10-17 19:00:22,39.0843,66.8332,55.98,25,39,2.17
414,Chumikan,RU,2021-10-17 19:00:23,54.7183,135.315,18.99,72,3,12.03
415,Miri,MY,2021-10-17 19:00:23,4.4148,114.0089,79.05,85,98,5.01
416,Alta Floresta,BR,2021-10-17 18:56:18,-9.8756,-56.0861,94.82,46,75,5.75
417,Mokhsogollokh,RU,2021-10-17 19:00:24,61.4681,128.9203,11.82,91,100,3.06
418,Sept-Iles,CA,2021-10-17 19:00:25,50.2001,-66.3821,51.06,97,90,14.0
419,Pierre,US,2021-10-17 18:56:48,44.3683,-100.351,69.06,35,0,5.01
420,Comodoro Rivadavia,AR,2021-10-17 18:53:23,-45.8667,-67.5,57.06,30,0,14.97
421,Dunedin,NZ,2021-10-17 18:59:35,-45.8742,170.5036,55.8,77,100,8.59
422,Pandan Niog,PH,2021-10-17 19:00:27,6.2282,120.5631,83.66,73,14,4.9
423,Ola,RU,2021-10-17 19:00:27,59.5833,151.2833,17.94,51,100,18.16
424,Pisco,PE,2021-10-17 18:53:57,-13.7,-76.2167,69.03,68,0,12.66
425,Bay City,US,2021-10-17 18:57:00,43.5945,-83.8889,63.1,50,75,10.36
426,Nurota,UZ,2021-10-17 19:00:28,40.5614,65.6886,51.89,27,8,5.26
427,Tarko-Sale,RU,2021-10-17 19:00:29,64.9225,77.785,39.74,92,100,16.26
428,Nkowakowa,ZA,2021-10-17 19:00:29,-23.8878,30.2871,64.45,84,95,4.81
429,Tessalit,ML,2021-10-17 19:00:30,20.1986,1.0114,89.04,9,0,8.08
430,Mogadishu,SO,2021-10-17 18:56:29,2.0371,45.3438,79.25,83,37,11.5
431,Monrovia,LR,2021-10-17 18:59:26,6.3005,-10.7969,80.37,79,48,9.78
432,Pecos,US,2021-10-17 19:00:11,31.4229,-103.4932,71.69,23,1,9.22
433,Paranavai,BR,2021-10-17 19:00:33,-23.0731,-52.4653,77.05,67,100,4.09
434,Balabac,PH,2021-10-17 19:00:33,7.9868,117.0645,81.14,80,14,4.34
435,Novo Aripuana,BR,2021-10-17 19:00:34,-5.1206,-60.3797,84.18,68,98,6.13
436,Murgab,TM,2021-10-17 18:56:08,37.4966,61.9714,53.47,43,0,0.0
437,Marsh Harbour,BS,2021-10-17 18:53:32,26.5412,-77.0636,81.0,65,5,10.13
438,Tiarei,PF,2021-10-17 19:00:34,-17.5333,-149.3333,82.42,79,25,21.32
439,Saint-Joseph,RE,2021-10-17 18:56:49,-21.3667,55.6167,71.96,79,20,12.5
440,Wysokie Mazowieckie,PL,2021-10-17 19:00:35,52.9166,22.5171,43.0,70,100,8.9
441,Unity,CA,2021-10-17 19:00:35,52.4501,-109.1682,67.24,17,8,7.54
442,Paso De Carrasco,UY,2021-10-17 19:00:36,-34.8603,-56.0522,68.45,39,0,6.91
443,Murchison,NZ,2021-10-17 19:00:36,-41.8,172.3333,52.41,98,100,3.24
444,Ambon,ID,2021-10-17 19:00:37,-3.6954,128.1814,77.14,94,40,3.44
445,Itaueira,BR,2021-10-17 19:00:37,-7.6033,-43.0256,99.27,21,100,5.88
446,Sioux Lookout,CA,2021-10-17 18:53:07,50.1001,-91.917,55.78,50,20,9.22
447,Tautira,PF,2021-10-17 19:00:38,-17.7333,-149.15,82.42,79,40,21.54
448,Gatesville,US,2021-10-17 19:00:38,31.4352,-97.7439,75.15,31,1,0.0
449,Kaspiyskiy,RU,2021-10-17 19:00:39,45.3929,47.3707,58.01,81,100,6.02
450,Kiunga,PG,2021-10-17 19:00:39,-6.1219,141.2906,72.81,98,44,0.4
451,Mount Gambier,AU,2021-10-17 18:52:28,-37.8333,140.7667,42.71,93,66,0.0
452,Artyom,AZ,2021-10-17 19:00:41,40.4723,50.333,57.34,74,0,4.25
453,Hualmay,PE,2021-10-17 19:00:42,-11.0964,-77.6139,67.39,76,100,10.56
454,Poum,NC,2021-10-17 19:00:43,-20.2333,164.0167,75.36,84,98,7.92
455,Talnakh,RU,2021-10-17 19:00:43,69.4865,88.3972,34.25,100,100,6.76
456,Lyubim,RU,2021-10-17 19:00:44,58.3625,40.6843,40.51,88,53,9.55
457,Itaituba,BR,2021-10-17 19:00:44,-4.2761,-55.9836,78.58,87,100,8.63
458,Nouadhibou,MR,2021-10-17 19:00:45,20.931,-17.0347,73.27,67,0,17.18
459,Tazovskiy,RU,2021-10-17 19:00:45,67.4667,78.7,34.63,92,100,10.87
460,Mayor Pablo Lagerenza,PY,2021-10-17 19:00:46,-19.9309,-60.7718,79.32,51,100,5.46
461,Menongue,AO,2021-10-17 19:00:46,-14.6585,17.691,73.04,19,23,1.92
462,Obihiro,JP,2021-10-17 19:00:47,42.9172,143.2044,34.54,77,6,3.38
463,Gari,RU,2021-10-17 19:00:48,59.4307,62.3497,41.07,77,52,8.52
464,Qaqortoq,GL,2021-10-17 18:58:40,60.7167,-46.0333,36.45,51,81,3.49
465,Nueva Loja,EC,2021-10-17 19:00:50,0.0847,-76.8828,77.31,82,100,1.28
466,Broken Hill,AU,2021-10-17 18:52:22,-31.95,141.4333,58.71,41,100,6.91
467,Yar-Sale,RU,2021-10-17 19:00:50,66.8333,70.8333,38.84,97,100,13.98
468,Palembang,ID,2021-10-17 19:00:51,-2.9167,104.7458,75.29,94,100,3.44
469,Guarapari,BR,2021-10-17 19:00:51,-20.6667,-40.4975,75.09,94,100,9.53
470,Bengkulu,ID,2021-10-17 18:56:13,-3.8004,102.2655,75.36,93,100,8.34
471,Tual,ID,2021-10-17 19:00:52,-5.6667,132.75,83.1,73,64,4.34
472,Springdale,US,2021-10-17 18:58:13,36.1867,-94.1288,72.72,37,1,8.01
473,General Roca,AR,2021-10-17 19:00:53,-39.0333,-67.5833,69.71,18,3,8.63
474,Bouza,NE,2021-10-17 19:00:53,14.4229,6.0428,84.27,45,63,8.16
475,Santa Rosa,PH,2021-10-17 18:53:58,14.3122,121.1114,82.38,82,97,7.7
476,Nicoya,CR,2021-10-17 19:00:54,10.1483,-85.452,83.41,76,91,3.69
477,Carutapera,BR,2021-10-17 19:00:55,-1.195,-46.02,85.51,64,21,9.89
478,Kahului,US,2021-10-17 19:00:55,20.8947,-156.47,79.97,77,74,11.01
479,Avera,US,2021-10-17 18:55:43,33.194,-82.5271,69.44,35,0,6.26
480,Santa Maria,BR,2021-10-17 19:00:56,-29.6842,-53.8069,67.87,53,0,8.08
481,Kirakira,SB,2021-10-17 19:00:56,-10.4544,161.9205,78.64,80,30,1.88
482,Pavlodar,KZ,2021-10-17 18:58:09,52.3,76.95,28.2,93,0,6.71
483,Ormara,PK,2021-10-17 19:00:57,25.2088,64.6357,80.46,57,0,11.54
484,Atbasar,KZ,2021-10-17 19:00:57,51.8,68.3333,46.0,78,25,5.1
485,Amurzet,RU,2021-10-17 19:00:58,47.6967,131.0981,23.61,52,21,4.21
486,Rodez,FR,2021-10-17 19:00:58,44.5,2.5833,53.28,76,0,6.91
487,Moerai,PF,2021-10-17 18:54:44,-22.4333,-151.3333,76.41,82,100,13.38
488,Saravan,AM,2021-10-17 19:00:59,39.7196,45.6483,43.45,34,30,5.35
489,Shakiso,ET,2021-10-17 19:01:00,5.75,38.9167,60.3,78,41,1.52
490,Bonthe,SL,2021-10-17 18:58:25,7.5264,-12.505,80.65,79,100,9.73
491,Forbes,AU,2021-10-17 19:01:01,-33.3833,148.0167,48.92,63,5,4.68
492,Cockburn Town,TC,2021-10-17 18:47:07,21.4612,-71.1419,85.96,70,40,4.61
493,Alugan,PH,2021-10-17 19:01:02,12.2188,125.4808,80.6,83,20,5.97
494,Ulladulla,AU,2021-10-17 19:01:03,-35.35,150.4667,55.87,81,0,5.95
495,Iquitos,PE,2021-10-17 19:01:05,-3.7481,-73.2472,74.86,86,100,2.01
496,Silchar,IN,2021-10-17 19:01:05,24.8167,92.8,76.26,79,96,3.67
497,Mwinilunga,ZM,2021-10-17 18:55:18,-11.7358,24.4293,69.69,47,100,2.86
498,Kloulklubed,PW,2021-10-17 19:01:06,7.0419,134.2556,84.07,73,97,10.27
499,Ngorongoro,TZ,2021-10-17 19:01:07,-3.2397,35.4875,60.94,58,82,4.45
500,Eniwa,JP,2021-10-17 19:01:08,42.8779,141.5442,35.65,90,40,3.44
501,Fairbanks,US,2021-10-17 18:56:11,64.8378,-147.7164,28.22,83,1,4.61
502,Toyooka,JP,2021-10-17 19:01:08,35.5333,134.8333,53.51,82,98,4.81
503,Mariental,NA,2021-10-17 19:01:09,-24.6333,17.9667,60.78,12,2,14.29
504,Majene,ID,2021-10-17 19:01:10,-3.5403,118.9707,78.58,88,100,3.96
505,Norman Wells,CA,2021-10-17 18:52:19,65.282,-126.8329,26.64,93,90,0.0
506,Vardo,NO,2021-10-17 18:56:12,70.3705,31.1107,40.98,87,75,23.02
507,Ballina,AU,2021-10-17 19:01:10,-28.8667,153.5667,55.78,70,100,4.18
508,Agirish,RU,2021-10-17 19:01:11,61.9247,63.0231,41.86,79,99,9.6
509,Katsuura,JP,2021-10-17 18:56:24,35.1333,140.3,56.19,63,95,22.66
510,Dancalan,PH,2021-10-17 19:01:11,9.9821,122.7386,78.55,88,28,3.11
511,Keningau,MY,2021-10-17 19:01:12,5.3378,116.1602,73.85,99,47,1.48
512,Mvuma,ZW,2021-10-17 19:01:13,-19.2792,30.5283,72.25,38,27,8.57
513,Talaya,RU,2021-10-17 19:01:13,61.3833,152.75,-0.42,98,100,5.32
514,Ternate,ID,2021-10-17 19:01:14,0.8,127.4,80.94,81,94,4.68
515,Detchino,RU,2021-10-17 19:01:14,54.8092,36.3075,45.05,78,100,9.4
516,Saint-Augustin,CA,2021-10-17 18:53:55,51.226,-58.6502,43.34,62,100,13.98
517,Vanimo,PG,2021-10-17 19:01:15,-2.6741,141.3028,78.19,83,95,3.94
518,Gornyy,RU,2021-10-17 19:01:16,55.1153,83.9059,35.4,77,6,6.22
519,Awassa,ET,2021-10-17 19:01:16,7.05,38.4667,60.08,74,16,4.16
520,Narrabri,AU,2021-10-17 19:01:17,-30.3167,149.7833,53.53,79,100,1.01
521,Oistins,BB,2021-10-17 19:01:18,13.0667,-59.5333,84.2,71,19,9.31
522,Cloquet,US,2021-10-17 19:01:18,46.7216,-92.4594,66.0,33,1,10.36
523,Pinheiro Machado,BR,2021-10-17 19:01:18,-31.5783,-53.3811,64.06,59,0,7.43
524,Chifeng,CN,2021-10-17 19:01:19,42.2683,118.9636,39.56,37,100,8.14
525,Illescas,ES,2021-10-17 19:01:20,40.1221,-3.847,68.2,61,45,7.9
526,Shenzhen,CN,2021-10-17 18:56:46,22.5455,114.0683,72.21,88,86,8.55
527,Coolum Beach,AU,2021-10-17 19:01:21,-26.5333,153.1,62.11,94,100,0.78
528,Palana,RU,2021-10-17 18:54:50,59.1167,159.9667,30.61,68,100,23.31
529,Yaring,TH,2021-10-17 19:01:22,6.8662,101.3689,77.67,85,100,5.17
530,Little Current,CA,2021-10-17 19:01:22,45.9793,-81.9248,56.41,59,35,15.41
531,Hobyo,SO,2021-10-17 19:01:23,5.3505,48.5268,78.49,84,100,22.21
532,Mozarlandia,BR,2021-10-17 19:01:23,-14.7447,-50.5706,96.87,31,99,3.91
533,Westport,US,2021-10-17 18:51:33,41.1415,-73.3579,64.89,55,90,1.01
534,Ataco,CO,2021-10-17 19:01:25,3.5915,-75.3818,88.02,52,38,3.78
535,Peniche,PT,2021-10-17 19:01:25,39.3558,-9.3811,71.1,93,100,6.55
536,Omboue,GA,2021-10-17 19:01:26,-1.5746,9.2618,76.75,83,90,8.1
537,Dubuque,US,2021-10-17 18:57:31,42.4833,-90.8668,66.61,32,1,5.75
538,Phichit,TH,2021-10-17 19:01:27,16.25,100.4167,72.27,98,100,1.79
539,Sandnessjoen,NO,2021-10-17 19:01:27,66.0217,12.6316,42.91,84,40,5.01
540,Vila Velha,BR,2021-10-17 18:50:51,-20.3297,-40.2925,75.15,83,75,11.5
541,Gundlupet,IN,2021-10-17 19:01:28,11.8,76.6833,68.94,93,100,6.85
